Username,FirstName,LastName,Email,Password
marie,Mark,Rose,robert91@coleman-quinn.com,z^2Ggw0Y@2
anthonyryan,Alejandra,Moreno,deborah57@hotmail.com,_B^WIZs&H3
peterwise,Tracy,Wilson,duranjacob@esparza-hoover.com,#(2_ZUiuLL
patrickestrada,Mark,Griffin,ysmith@gmail.com,$LoeXk3Jl2
salazarkristen,Heather,Patterson,campbellmark@hall.com,7vwtUoD2@0
zachary,Chad,Flynn,williamspaul@quinn.net,K)4J8YuT^n
brettnelson,Alexander,Murphy,david88@richardson.com,_0UrdTxmiR
vbailey,Mia,Perez,davidbrent@yahoo.com,1US9wrmT!I
zrobinson,Katherine,Marks,smithjeffery@gmail.com,_1JAujl#xn
handerson,Brandi,Aguilar,williamsvictoria@oneal.com,#HWzpdVqZ6
sarahhughes,Manuel,Henderson,pinedamelissa@stewart.info,%$%RBw(O44
jasmineraymond,Amy,Horton,molinaglenn@yahoo.com,uoTEfA+L_5
kyle,Sandra,Smith,jboyer@yahoo.com,&hMJwiDpl5
stephenmckinney,Martin,Trujillo,taylortina@hensley.com,ro!hZ1V+#1
nathanieljones,Carl,Mitchell,fperry@morrison-howard.info,oP#_9UziS!
hernandezgeorge,Michael,Williams,michellebender@fitzgerald.com,(05Errjmh9
jmoore,Sara,Jones,janetbrown@larsen.net,Hww&8hIxsm
aaronraymond,Alexander,Collins,rstrickland@gmail.com,s+^^$8ahXV
jon,Vicki,Wade,nhowell@gmail.com,_0f#BBudLh
amaxwell,Chad,Black,shawna36@hotmail.com,^Kc(3MQry)
caldwellsara,Jared,Williams,kellyespinoza@grimes.com,4rIcAe4j*&
kjohnson,Jodi,Johnson,nfuentes@ward.net,61Ev%$w$*8
andrew,Mathew,Gray,robert94@hotmail.com,9o&8W(cmS%
markewing,Maria,Thompson,whitakerjohn@paul.biz,@S3@7JTc(I
kelseygonzalez,Pamela,Davis,frostjoshua@hotmail.com,%h28YWeJV7
omendez,Holly,Barrera,ashley72@hotmail.com,&HED0ec(#6
christopher,Samantha,Mccarty,james33@mitchell-figueroa.info,$t8HMfle8S
aschaefer,Michael,Lee,timothybuchanan@williams.biz,9reWKaAE&7
todd,Frank,Jones,alangray@smith.org,b^t1H+6W7x
davidflores,Nancy,Woodard,brownkatie@holmes.com,*+SPwi7G92
andremeyer,Mitchell,Harris,qhamilton@gmail.com,KnSMovwR*5
tcarroll,James,Sparks,tonyamoore@edwards.com,#N(0e9Akt1
gfrazier,Jason,Morgan,lindakim@yahoo.com,g9nYW(Dvl%
gkim,Dylan,Elliott,xyang@mueller.info,j8aU+Auw(a
alexanderchris,Brandi,Carey,michellethomas@rodgers-wiley.com,^KSJ*ReD*1
trevorryan,Pamela,Walker,mkirk@yahoo.com,@60rBBfsvF
josephpittman,Natasha,Stevens,athompson@gmail.com,5%50cJcd#b
duncanallison,Cody,Martinez,newtondanielle@gmail.com,o81#0mAh)1
qmurphy,Desiree,Hudson,haroldlynch@yahoo.com,F$86U3Pfd9
jennifer,Rebecca,Mcgee,ashley96@armstrong.info,jKjIa5lc0#
gosborne,Thomas,Lang,dwalls@gmail.com,kg1AuUwr()
ryan,Deborah,Cabrera,martinezdeanna@yahoo.com,L%2HYR$b!U
erikabarnes,James,Brooks,amandaburgess@yahoo.com,@8uGgCJ0Mt
taylor,Jacqueline,Chen,ryan99@hotmail.com,(OoYN2BcNz
sbrown,Katie,Perez,hectorkey@yahoo.com,8a4hZSS$%r
skinnerjennifer,Kayla,Patterson,arthur50@underwood.com,z&5Ig(s4MJ
richard,Erica,Henderson,bakercory@gmail.com,y)K4MxRYnv
tsaunders,Michelle,Davis,qjimenez@jones-mcclain.com,(810a1Az_*
cameronsmith,Bruce,Fitzpatrick,michaeldiaz@hotmail.com,2pYkJLwa+!
fosterdouglas,Denise,Stafford,clarkdonald@kim-harrison.com,dk9oR%f2_7
elainenoble,Dana,Dalton,smallkrystal@hotmail.com,#Z6Ugx0Pz^
sandra,Jason,Rodriguez,adamayala@gmail.com,T_^jJe*g_8
smithannette,Daniel,White,gordonkarla@yahoo.com,eKxT9m%H_9
petersonwendy,Andrea,Moon,banksblake@davis-flores.net,yz^5s$My8i
michael,David,Cole,christinefitzgerald@mason-esparza.info,J)W5QPsg#3
charlenehernandez,Roberto,Dudley,paul65@hotmail.com,1_XSzJ_G*g
iangomez,Madison,Nguyen,klinemanuel@hotmail.com,K5BHQyIo$^
shaweric,Nicole,Allen,valdezjoseph@flores.com,irt9YcM^_^
wilcoxvanessa,Douglas,Donaldson,kimberly67@buckley.info,Thb4AVcJ4+
barbara,Kimberly,Hernandez,hgriffith@hotmail.com,#KNuO4SeNZ
williamreid,Crystal,Doyle,lfuller@schultz-peterson.com,JT6HDwpNn@
youngcody,Justin,May,kimberlywillis@gmail.com,Ox+MM0KbW$
jenna,George,Knox,kayla82@petersen.com,JZJMA4Lj!0
bergertrevor,Russell,Williams,alexandranewman@yahoo.com,!5n6D9b2G9
colemanryan,Ryan,Bishop,johnhickman@wallace.com,7FcTxjss$C
jamie,Elizabeth,Zavala,wrocha@gibbs.com,)xF2Nrom2b
jonesdavid,Jason,Hayden,njones@moreno-thompson.biz,t!5KEe#v$s
randall,Ashley,Ramos,amandadiaz@smith.com,0(CCCUAo+0
gduran,David,Archer,arnoldnatalie@yahoo.com,$eHw##(j38
timothyhernandez,Elijah,Thomas,heidi77@velez.com,oAc4Sc*du(
josephnguyen,Courtney,Johnson,matthewwilkinson@bryant.com,)_XDE8BxHU
eneal,Michael,Reynolds,bswanson@hotmail.com,BX7+JMgv+3
clayton,Stacy,Gregory,paynekenneth@patterson.org,FVm5ZVxl$U
brandydavis,Melissa,Johnson,huynhwilliam@hill.com,bBC1Qqsm$x
turnererica,Susan,Duncan,russell79@sanders.com,B_K8H@Zp^D
robertwhite,Stephen,Strong,heather12@brown.com,w28foMqBE*
wbrown,Kristina,Roy,heatherbecker@gmail.com,_NaSrt%S(4
jrogers,Angela,Dyer,kwalker@case.com,(a^1MEdwPw
mccarthycourtney,Brittany,Wilson,raymond02@hotmail.com,(DOB*JoL@9
lindagonzalez,Misty,Saunders,brandybrooks@murphy-wheeler.com,gB1VjuWl&l
craigwilliams,Ivan,Osborne,guzmanclaudia@yahoo.com,8nD3#L+xo^
kfoley,Michael,Moreno,william02@combs-rodriguez.com,s1xOYRra$n
ejenkins,Michele,Kline,ebeck@yahoo.com,^4)F9E+edD
nicholasspencer,Michelle,Clark,brenda18@hotmail.com,%5FY&1zz@w
xwatson,Yolanda,Porter,mario86@johnson.com,(49DZuYbFR
ray,Jennifer,Shelton,joemason@gmail.com,$450JKfoBd
carrolldawn,Joshua,Winters,johnny80@watson.biz,w4%Q!ZRE&5
samantha50,Vanessa,Glover,morgan87@yahoo.com,%&6LQddis)
kendralowe,Larry,Brown,martinezamber@molina-baker.net,Q!8Gkhwc*q
zmiller,Sarah,Lynch,kari47@parker.org,&eUG(0kAM8
eeaton,David,Mitchell,calvinlambert@moore.com,&Y9rfVkwY)
lisa,Manuel,Mejia,mark31@hotmail.com,KVtU9%(x5$
davidgarza,Victoria,Williams,robert33@chen.com,t@0LVm4Pxm
james,Gary,Young,briansutton@gmail.com,K_4@Wyw)!c
frypeter,Rachel,Rivera,zsullivan@hopkins.net,^IUmjj^c3u
whitney,Richard,Flynn,darren63@yahoo.com,5#9yM!lo@N
christinaliu,Jasmine,Beck,mcguirejill@hotmail.com,Tmf2TS&Kq+
larry,Thomas,Hicks,colonjeffrey@dixon.com,*3RaY3Vl4F
davenportchristina,Kimberly,Smith,andersonwendy@powers.com,%%NkUdK4t6
erichebert,Andrew,Franco,uholt@turner.com,d0!S%nOy&@
